ip_helper,ip_timeline,country_name
Coreyshire Logistics Center (Saint Kitts and Nevis),6 days door-to-door,Saint Kitts and Nevis
Coreyshire Logistics Center (Saint Kitts and Nevis),13 days door-to-door,Saint Kitts and Nevis
Coreyshire Logistics Center (Saint Kitts and Nevis),18 days door-to-door,Saint Kitts and Nevis
Coreyshire Logistics Center (Saint Kitts and Nevis),15 days door-to-door,Saint Kitts and Nevis
Coreyshire Logistics Center (Saint Kitts and Nevis),7 days door-to-door,Saint Kitts and Nevis
Coreyshire Logistics Center (Saint Kitts and Nevis),13 days door-to-door,Saint Kitts and Nevis
Coreyshire Logistics Center (Saint Kitts and Nevis),17 days door-to-door,Saint Kitts and Nevis
Coreyshire Logistics Center (Saint Kitts and Nevis),10 days door-to-door,Saint Kitts and Nevis
Coreyshire Logistics Center (Saint Kitts and Nevis),9 days door-to-door,Saint Kitts and Nevis
Coreyshire Logistics Center (Saint Kitts and Nevis),8 days door-to-door,Saint Kitts and Nevis
Coreyshire Logistics Center (Saint Kitts and Nevis),11 days door-to-door,Saint Kitts and Nevis
Coreyshire Logistics Center (Saint Kitts and Nevis),11 days door-to-door,Saint Kitts and Nevis
Coreyshire Logistics Center (Saint Kitts and Nevis),10 days door-to-door,Saint Kitts and Nevis
Coreyshire Logistics Center (Saint Kitts and Nevis),6 days door-to-door,Saint Kitts and Nevis
Coreyshire Logistics Center (Saint Kitts and Nevis),8 days door-to-door,Saint Kitts and Nevis
Coreyshire Logistics Center (Saint Kitts and Nevis),8 days door-to-door,Saint Kitts and Nevis
Coreyshire Logistics Center (Saint Kitts and Nevis),11 days door-to-door,Saint Kitts and Nevis
Coreyshire Logistics Center (Saint Kitts and Nevis),7 days door-to-door,Saint Kitts and Nevis
Coreyshire Logistics Center (Saint Kitts and Nevis),9 days door-to-door,Saint Kitts and Nevis
Coreyshire Logistics Center (Saint Kitts and Nevis),11 days door-to-door,Saint Kitts and Nevis
Coreyshire Logistics Center (Saint Kitts and Nevis),6 days door-to-door,Saint Kitts and Nevis
Coreyshire Logistics Center (Saint Kitts and Nevis),15 days door-to-door,Saint Kitts and Nevis
Coreyshire Logistics Center (Saint Kitts and Nevis),5 days door-to-door,Saint Kitts and Nevis
Coreyshire Logistics Center (Saint Kitts and Nevis),12 days door-to-door,Saint Kitts and Nevis
Coreyshire Logistics Center (Saint Kitts and Nevis),17 days door-to-door,Saint Kitts and Nevis
Coreyshire Logistics Center (Saint Kitts and Nevis),13 days door-to-door,Saint Kitts and Nevis
Coreyshire Logistics Center (Saint Kitts and Nevis),11 days door-to-door,Saint Kitts and Nevis
Coreyshire Logistics Center (Saint Kitts and Nevis),17 days door-to-door,Saint Kitts and Nevis
Coreyshire Logistics Center (Saint Kitts and Nevis),16 days door-to-door,Saint Kitts and Nevis
Coreyshire Logistics Center (Saint Kitts and Nevis),17 days door-to-door,Saint Kitts and Nevis
Coreyshire Logistics Center (Saint Kitts and Nevis),18 days door-to-door,Saint Kitts and Nevis
Coreyshire Logistics Center (Saint Kitts and Nevis),10 days door-to-door,Saint Kitts and Nevis
Coreyshire Logistics Center (Saint Kitts and Nevis),16 days door-to-door,Saint Kitts and Nevis
Coreyshire Logistics Center (Saint Kitts and Nevis),15 days door-to-door,Saint Kitts and Nevis
Coreyshire Logistics Center (Saint Kitts and Nevis),15 days door-to-door,Saint Kitts and Nevis
Coreyshire Logistics Center (Saint Kitts and Nevis),13 days door-to-door,Saint Kitts and Nevis
Coreyshire Logistics Center (Saint Kitts and Nevis),7 days door-to-door,Saint Kitts and Nevis
Coreyshire Logistics Center (Saint Kitts and Nevis),16 days door-to-door,Saint Kitts and Nevis
Coreyshire Logistics Center (Saint Kitts and Nevis),17 days door-to-door,Saint Kitts and Nevis
Coreyshire Logistics Center (Saint Kitts and Nevis),12 days door-to-door,Saint Kitts and Nevis
Coreyshire Logistics Center (Saint Kitts and Nevis),11 days door-to-door,Saint Kitts and Nevis
Coreyshire Logistics Center (Saint Kitts and Nevis),5 days door-to-door,Saint Kitts and Nevis
Coreyshire Logistics Center (Saint Kitts and Nevis),17 days door-to-door,Saint Kitts and Nevis
Coreyshire Logistics Center (Saint Kitts and Nevis),14 days door-to-door,Saint Kitts and Nevis
Coreyshire Logistics Center (Saint Kitts and Nevis),9 days door-to-door,Saint Kitts and Nevis
Coreyshire Logistics Center (Saint Kitts and Nevis),11 days door-to-door,Saint Kitts and Nevis
Coreyshire Logistics Center (Saint Kitts and Nevis),12 days door-to-door,Saint Kitts and Nevis
Coreyshire Logistics Center (Saint Kitts and Nevis),18 days door-to-door,Saint Kitts and Nevis
Coreyshire Logistics Center (Saint Kitts and Nevis),9 days door-to-door,Saint Kitts and Nevis
Coreyshire Logistics Center (Saint Kitts and Nevis),16 days door-to-door,Saint Kitts and Nevis
Coreyshire Logistics Center (Saint Kitts and Nevis),10 days door-to-door,Saint Kitts and Nevis
Coreyshire Logistics Center (Saint Kitts and Nevis),5 days door-to-door,Saint Kitts and Nevis
Coreyshire Logistics Center (Saint Kitts and Nevis),6 days door-to-door,Saint Kitts and Nevis
Coreyshire Logistics Center (Saint Kitts and Nevis),6 days door-to-door,Saint Kitts and Nevis
Coreyshire Logistics Center (Saint Kitts and Nevis),9 days door-to-door,Saint Kitts and Nevis
Coreyshire Logistics Center (Saint Kitts and Nevis),16 days door-to-door,Saint Kitts and Nevis
Coreyshire Logistics Center (Saint Kitts and Nevis),13 days door-to-door,Saint Kitts and Nevis
Coreyshire Logistics Center (Saint Kitts and Nevis),17 days door-to-door,Saint Kitts and Nevis
Coreyshire Logistics Center (Saint Kitts and Nevis),9 days door-to-door,Saint Kitts and Nevis
Coreyshire Logistics Center (Saint Kitts and Nevis),18 days door-to-door,Saint Kitts and Nevis
Coreyshire Logistics Center (Saint Kitts and Nevis),17 days door-to-door,Saint Kitts and Nevis
Coreyshire Logistics Center (Saint Kitts and Nevis),11 days door-to-door,Saint Kitts and Nevis
Coreyshire Logistics Center (Saint Kitts and Nevis),13 days door-to-door,Saint Kitts and Nevis
Coreyshire Logistics Center (Saint Kitts and Nevis),8 days door-to-door,Saint Kitts and Nevis
Coreyshire Logistics Center (Saint Kitts and Nevis),18 days door-to-door,Saint Kitts and Nevis
Coreyshire Logistics Center (Saint Kitts and Nevis),18 days door-to-door,Saint Kitts and Nevis
Coreyshire Logistics Center (Saint Kitts and Nevis),10 days door-to-door,Saint Kitts and Nevis
Coreyshire Logistics Center (Saint Kitts and Nevis),10 days door-to-door,Saint Kitts and Nevis
Coreyshire Logistics Center (Saint Kitts and Nevis),16 days door-to-door,Saint Kitts and Nevis
Coreyshire Logistics Center (Saint Kitts and Nevis),16 days door-to-door,Saint Kitts and Nevis
Coreyshire Logistics Center (Saint Kitts and Nevis),15 days door-to-door,Saint Kitts and Nevis
Coreyshire Logistics Center (Saint Kitts and Nevis),9 days door-to-door,Saint Kitts and Nevis
Coreyshire Logistics Center (Saint Kitts and Nevis),14 days door-to-door,Saint Kitts and Nevis
Coreyshire Logistics Center (Saint Kitts and Nevis),17 days door-to-door,Saint Kitts and Nevis
Coreyshire Logistics Center (Saint Kitts and Nevis),7 days door-to-door,Saint Kitts and Nevis
Coreyshire Logistics Center (Saint Kitts and Nevis),9 days door-to-door,Saint Kitts and Nevis
Coreyshire Logistics Center (Saint Kitts and Nevis),12 days door-to-door,Saint Kitts and Nevis
Coreyshire Logistics Center (Saint Kitts and Nevis),16 days door-to-door,Saint Kitts and Nevis
Coreyshire Logistics Center (Saint Kitts and Nevis),17 days door-to-door,Saint Kitts and Nevis
Coreyshire Logistics Center (Saint Kitts and Nevis),15 days door-to-door,Saint Kitts and Nevis
Coreyshire Logistics Center (Saint Kitts and Nevis),11 days door-to-door,Saint Kitts and Nevis
Coreyshire Logistics Center (Saint Kitts and Nevis),16 days door-to-door,Saint Kitts and Nevis
Coreyshire Logistics Center (Saint Kitts and Nevis),6 days door-to-door,Saint Kitts and Nevis
Coreyshire Logistics Center (Saint Kitts and Nevis),8 days door-to-door,Saint Kitts and Nevis
Coreyshire Logistics Center (Saint Kitts and Nevis),7 days door-to-door,Saint Kitts and Nevis
Coreyshire Logistics Center (Saint Kitts and Nevis),15 days door-to-door,Saint Kitts and Nevis
Coreyshire Logistics Center (Saint Kitts and Nevis),12 days door-to-door,Saint Kitts and Nevis
Coreyshire Logistics Center (Saint Kitts and Nevis),17 days door-to-door,Saint Kitts and Nevis
Coreyshire Logistics Center (Saint Kitts and Nevis),5 days door-to-door,Saint Kitts and Nevis
Coreyshire Logistics Center (Saint Kitts and Nevis),11 days door-to-door,Saint Kitts and Nevis
Coreyshire Logistics Center (Saint Kitts and Nevis),7 days door-to-door,Saint Kitts and Nevis
Coreyshire Logistics Center (Saint Kitts and Nevis),10 days door-to-door,Saint Kitts and Nevis
Coreyshire Logistics Center (Saint Kitts and Nevis),7 days door-to-door,Saint Kitts and Nevis
Coreyshire Logistics Center (Saint Kitts and Nevis),12 days door-to-door,Saint Kitts and Nevis
Coreyshire Logistics Center (Saint Kitts and Nevis),5 days door-to-door,Saint Kitts and Nevis
Coreyshire Logistics Center (Saint Kitts and Nevis),8 days door-to-door,Saint Kitts and Nevis
Coreyshire Logistics Center (Saint Kitts and Nevis),18 days door-to-door,Saint Kitts and Nevis
Coreyshire Logistics Center (Saint Kitts and Nevis),9 days door-to-door,Saint Kitts and Nevis
Coreyshire Logistics Center (Saint Kitts and Nevis),12 days door-to-door,Saint Kitts and Nevis
Coreyshire Logistics Center (Saint Kitts and Nevis),18 days door-to-door,Saint Kitts and Nevis
Coreyshire Logistics Center (Saint Kitts and Nevis),7 days door-to-door,Saint Kitts and Nevis
Coreyshire Logistics Center (Saint Kitts and Nevis),18 days door-to-door,Saint Kitts and Nevis
Coreyshire Logistics Center (Saint Kitts and Nevis),7 days door-to-door,Saint Kitts and Nevis
Coreyshire Logistics Center (Saint Kitts and Nevis),9 days door-to-door,Saint Kitts and Nevis
Coreyshire Logistics Center (Saint Kitts and Nevis),12 days door-to-door,Saint Kitts and Nevis
Coreyshire Logistics Center (Saint Kitts and Nevis),17 days door-to-door,Saint Kitts and Nevis
Coreyshire Logistics Center (Saint Kitts and Nevis),11 days door-to-door,Saint Kitts and Nevis
Coreyshire Logistics Center (Saint Kitts and Nevis),14 days door-to-door,Saint Kitts and Nevis
Coreyshire Logistics Center (Saint Kitts and Nevis),6 days door-to-door,Saint Kitts and Nevis
Coreyshire Logistics Center (Saint Kitts and Nevis),9 days door-to-door,Saint Kitts and Nevis
Coreyshire Logistics Center (Saint Kitts and Nevis),16 days door-to-door,Saint Kitts and Nevis
Coreyshire Logistics Center (Saint Kitts and Nevis),15 days door-to-door,Saint Kitts and Nevis
Coreyshire Logistics Center (Saint Kitts and Nevis),18 days door-to-door,Saint Kitts and Nevis
Coreyshire Logistics Center (Saint Kitts and Nevis),12 days door-to-door,Saint Kitts and Nevis
Coreyshire Logistics Center (Saint Kitts and Nevis),16 days door-to-door,Saint Kitts and Nevis
Coreyshire Logistics Center (Saint Kitts and Nevis),9 days door-to-door,Saint Kitts and Nevis
Coreyshire Logistics Center (Saint Kitts and Nevis),11 days door-to-door,Saint Kitts and Nevis
Coreyshire Logistics Center (Saint Kitts and Nevis),14 days door-to-door,Saint Kitts and Nevis
Coreyshire Logistics Center (Saint Kitts and Nevis),12 days door-to-door,Saint Kitts and Nevis
Coreyshire Logistics Center (Saint Kitts and Nevis),15 days door-to-door,Saint Kitts and Nevis
Coreyshire Logistics Center (Saint Kitts and Nevis),7 days door-to-door,Saint Kitts and Nevis
Coreyshire Logistics Center (Saint Kitts and Nevis),10 days door-to-door,Saint Kitts and Nevis
Coreyshire Logistics Center (Saint Kitts and Nevis),12 days door-to-door,Saint Kitts and Nevis
Coreyshire Logistics Center (Saint Kitts and Nevis),9 days door-to-door,Saint Kitts and Nevis
Coreyshire Logistics Center (Saint Kitts and Nevis),9 days door-to-door,Saint Kitts and Nevis
Coreyshire Logistics Center (Saint Kitts and Nevis),18 days door-to-door,Saint Kitts and Nevis
Coreyshire Logistics Center (Saint Kitts and Nevis),5 days door-to-door,Saint Kitts and Nevis
Coreyshire Logistics Center (Saint Kitts and Nevis),7 days door-to-door,Saint Kitts and Nevis
Coreyshire Logistics Center (Saint Kitts and Nevis),18 days door-to-door,Saint Kitts and Nevis
Coreyshire Logistics Center (Saint Kitts and Nevis),15 days door-to-door,Saint Kitts and Nevis
Coreyshire Logistics Center (Saint Kitts and Nevis),5 days door-to-door,Saint Kitts and Nevis
Coreyshire Logistics Center (Saint Kitts and Nevis),16 days door-to-door,Saint Kitts and Nevis
Coreyshire Logistics Center (Saint Kitts and Nevis),14 days door-to-door,Saint Kitts and Nevis
Coreyshire Logistics Center (Saint Kitts and Nevis),6 days door-to-door,Saint Kitts and Nevis
Coreyshire Logistics Center (Saint Kitts and Nevis),11 days door-to-door,Saint Kitts and Nevis
Coreyshire Logistics Center (Saint Kitts and Nevis),8 days door-to-door,Saint Kitts and Nevis
Coreyshire Logistics Center (Saint Kitts and Nevis),18 days door-to-door,Saint Kitts and Nevis
Coreyshire Logistics Center (Saint Kitts and Nevis),18 days door-to-door,Saint Kitts and Nevis
Coreyshire Logistics Center (Saint Kitts and Nevis),9 days door-to-door,Saint Kitts and Nevis
Coreyshire Logistics Center (Saint Kitts and Nevis),13 days door-to-door,Saint Kitts and Nevis
Coreyshire Logistics Center (Saint Kitts and Nevis),7 days door-to-door,Saint Kitts and Nevis
Coreyshire Logistics Center (Saint Kitts and Nevis),9 days door-to-door,Saint Kitts and Nevis
Coreyshire Logistics Center (Saint Kitts and Nevis),16 days door-to-door,Saint Kitts and Nevis
Coreyshire Logistics Center (Saint Kitts and Nevis),14 days door-to-door,Saint Kitts and Nevis
Coreyshire Logistics Center (Saint Kitts and Nevis),10 days door-to-door,Saint Kitts and Nevis
Coreyshire Logistics Center (Saint Kitts and Nevis),13 days door-to-door,Saint Kitts and Nevis
Coreyshire Logistics Center (Saint Kitts and Nevis),8 days door-to-door,Saint Kitts and Nevis
Coreyshire Logistics Center (Saint Kitts and Nevis),13 days door-to-door,Saint Kitts and Nevis
Coreyshire Logistics Center (Saint Kitts and Nevis),14 days door-to-door,Saint Kitts and Nevis
Coreyshire Logistics Center (Saint Kitts and Nevis),15 days door-to-door,Saint Kitts and Nevis
Coreyshire Logistics Center (Saint Kitts and Nevis),5 days door-to-door,Saint Kitts and Nevis
Coreyshire Logistics Center (Saint Kitts and Nevis),14 days door-to-door,Saint Kitts and Nevis
Coreyshire Logistics Center (Saint Kitts and Nevis),11 days door-to-door,Saint Kitts and Nevis
Coreyshire Logistics Center (Saint Kitts and Nevis),14 days door-to-door,Saint Kitts and Nevis
Coreyshire Logistics Center (Saint Kitts and Nevis),6 days door-to-door,Saint Kitts and Nevis
Coreyshire Logistics Center (Saint Kitts and Nevis),11 days door-to-door,Saint Kitts and Nevis
Coreyshire Logistics Center (Saint Kitts and Nevis),10 days door-to-door,Saint Kitts and Nevis
Coreyshire Logistics Center (Saint Kitts and Nevis),17 days door-to-door,Saint Kitts and Nevis
Coreyshire Logistics Center (Saint Kitts and Nevis),10 days door-to-door,Saint Kitts and Nevis
Coreyshire Logistics Center (Saint Kitts and Nevis),8 days door-to-door,Saint Kitts and Nevis
Coreyshire Logistics Center (Saint Kitts and Nevis),17 days door-to-door,Saint Kitts and Nevis
Coreyshire Logistics Center (Saint Kitts and Nevis),9 days door-to-door,Saint Kitts and Nevis
Coreyshire Logistics Center (Saint Kitts and Nevis),9 days door-to-door,Saint Kitts and Nevis
Coreyshire Logistics Center (Saint Kitts and Nevis),18 days door-to-door,Saint Kitts and Nevis
Coreyshire Logistics Center (Saint Kitts and Nevis),18 days door-to-door,Saint Kitts and Nevis
Coreyshire Logistics Center (Saint Kitts and Nevis),10 days door-to-door,Saint Kitts and Nevis
Coreyshire Logistics Center (Saint Kitts and Nevis),14 days door-to-door,Saint Kitts and Nevis
Coreyshire Logistics Center (Saint Kitts and Nevis),10 days door-to-door,Saint Kitts and Nevis
Coreyshire Logistics Center (Saint Kitts and Nevis),15 days door-to-door,Saint Kitts and Nevis
Coreyshire Logistics Center (Saint Kitts and Nevis),9 days door-to-door,Saint Kitts and Nevis
Coreyshire Logistics Center (Saint Kitts and Nevis),6 days door-to-door,Saint Kitts and Nevis
Coreyshire Logistics Center (Saint Kitts and Nevis),13 days door-to-door,Saint Kitts and Nevis
Coreyshire Logistics Center (Saint Kitts and Nevis),5 days door-to-door,Saint Kitts and Nevis
Coreyshire Logistics Center (Saint Kitts and Nevis),11 days door-to-door,Saint Kitts and Nevis
Coreyshire Logistics Center (Saint Kitts and Nevis),11 days door-to-door,Saint Kitts and Nevis
Coreyshire Logistics Center (Saint Kitts and Nevis),13 days door-to-door,Saint Kitts and Nevis
Coreyshire Logistics Center (Saint Kitts and Nevis),10 days door-to-door,Saint Kitts and Nevis
Coreyshire Logistics Center (Saint Kitts and Nevis),14 days door-to-door,Saint Kitts and Nevis
Coreyshire Logistics Center (Saint Kitts and Nevis),17 days door-to-door,Saint Kitts and Nevis
Coreyshire Logistics Center (Saint Kitts and Nevis),7 days door-to-door,Saint Kitts and Nevis
Coreyshire Logistics Center (Saint Kitts and Nevis),12 days door-to-door,Saint Kitts and Nevis
Coreyshire Logistics Center (Saint Kitts and Nevis),10 days door-to-door,Saint Kitts and Nevis
Coreyshire Logistics Center (Saint Kitts and Nevis),13 days door-to-door,Saint Kitts and Nevis
Coreyshire Logistics Center (Saint Kitts and Nevis),10 days door-to-door,Saint Kitts and Nevis
Coreyshire Logistics Center (Saint Kitts and Nevis),5 days door-to-door,Saint Kitts and Nevis
Coreyshire Logistics Center (Saint Kitts and Nevis),8 days door-to-door,Saint Kitts and Nevis
Coreyshire Logistics Center (Saint Kitts and Nevis),13 days door-to-door,Saint Kitts and Nevis
Coreyshire Logistics Center (Saint Kitts and Nevis),13 days door-to-door,Saint Kitts and Nevis
Coreyshire Logistics Center (Saint Kitts and Nevis),10 days door-to-door,Saint Kitts and Nevis
Coreyshire Logistics Center (Saint Kitts and Nevis),10 days door-to-door,Saint Kitts and Nevis
Coreyshire Logistics Center (Saint Kitts and Nevis),18 days door-to-door,Saint Kitts and Nevis
Coreyshire Logistics Center (Saint Kitts and Nevis),17 days door-to-door,Saint Kitts and Nevis
Coreyshire Logistics Center (Saint Kitts and Nevis),7 days door-to-door,Saint Kitts and Nevis
Coreyshire Logistics Center (Saint Kitts and Nevis),11 days door-to-door,Saint Kitts and Nevis
Coreyshire Logistics Center (Saint Kitts and Nevis),16 days door-to-door,Saint Kitts and Nevis
Coreyshire Logistics Center (Saint Kitts and Nevis),5 days door-to-door,Saint Kitts and Nevis
Coreyshire Logistics Center (Saint Kitts and Nevis),5 days door-to-door,Saint Kitts and Nevis
Coreyshire Logistics Center (Saint Kitts and Nevis),13 days door-to-door,Saint Kitts and Nevis
Coreyshire Logistics Center (Saint Kitts and Nevis),6 days door-to-door,Saint Kitts and Nevis
Coreyshire Logistics Center (Saint Kitts and Nevis),13 days door-to-door,Saint Kitts and Nevis
Coreyshire Logistics Center (Saint Kitts and Nevis),7 days door-to-door,Saint Kitts and Nevis
Coreyshire Logistics Center (Saint Kitts and Nevis),13 days door-to-door,Saint Kitts and Nevis
Coreyshire Logistics Center (Saint Kitts and Nevis),13 days door-to-door,Saint Kitts and Nevis
Coreyshire Logistics Center (Saint Kitts and Nevis),12 days door-to-door,Saint Kitts and Nevis
Coreyshire Logistics Center (Saint Kitts and Nevis),8 days door-to-door,Saint Kitts and Nevis
Coreyshire Logistics Center (Saint Kitts and Nevis),10 days door-to-door,Saint Kitts and Nevis
Coreyshire Logistics Center (Saint Kitts and Nevis),16 days door-to-door,Saint Kitts and Nevis
Coreyshire Logistics Center (Saint Kitts and Nevis),16 days door-to-door,Saint Kitts and Nevis
Coreyshire Logistics Center (Saint Kitts and Nevis),6 days door-to-door,Saint Kitts and Nevis
Coreyshire Logistics Center (Saint Kitts and Nevis),14 days door-to-door,Saint Kitts and Nevis
Coreyshire Logistics Center (Saint Kitts and Nevis),15 days door-to-door,Saint Kitts and Nevis
Coreyshire Logistics Center (Saint Kitts and Nevis),6 days door-to-door,Saint Kitts and Nevis
